Class,Group,shell_nouns,"Example sentences in English (Schmid, 2000)",Translation in Czech
factual uses,neutral uses,thing,You're 61 now and it's time you settled down. “the thing is that he needs a lot of loving. (p.94),"Teď je vám 61 a je čas se usadit. „Jde o to, že potřebuje hodně lásky.“"
factual uses,neutral uses,fact,We never expected John that er they would just change it like that in the light of the fact that they’re going to change local government across the country anyway. (p.98) ,"Nikdy jsme neočekávali, že John, že to tímto způsobem změní vzhledem k tomu, že stejně změní místní vlády po celé zemi."
factual uses,neutral uses,phenomenon,"""[...].Later, mummy herself becomes the prototype for her aspirations and a little envy begins to creeps in."" It is this supposed envy of mummy that is the most dangerous aspect of the new phenomenon. (p.101)", „[...]. Později se maminka sama stala prototypem jejích tužeb a malá závist se začala vkrádat.“ Právě tato domnělá závist k mamince je nejnebezpečnějším aspektem nového fenoménu.
factual uses,causal uses,reason,But Stehli has a good reason to write her story. (p103), Ale Stehli má dobrý důvod napsat svůj příběh.
factual uses,causal uses,result,"When women are young, their careers and pension rights would be damaged if they took time off for their children, so grandmothers must help. The result is that you often know your grandchildren better than your own children! (p.107)","Pokud jsou ženy mladé, jejich kariéra a nárok na důchod by byly ohroženy, kdyby si vzaly volno pro své děti, a proto musí pomoci babičky. Výsledkem je, že často znáte své vnoučata lépe než své vlastní děti!"
factual uses,causal uses,link,"..that these increases in transition temperature have something to do with an increase in the strength of the cooperation between the superconducting election pairs and the vibrations of atoms in the solid. The BCS theory predicts this link, but other detailed studies [...]suggest that these superconductors involve a mechanism for electron pairing...(p.109)","..že tato zvýšení přechodové teploty mají něco společného se zvýšením síly součinnosti mezi supravodivými  páry elektronů a vibracemi atomů v pevné látce. Teorie BCS předpovídá tuto závislost, ale další podrobné studie [...] naznačují, že tyto supravodiče zahrnují mechanismus pro párování elektronů ... "
factual uses,evidential uses,evidence,"In the same year, food watchdogs, led by Action and Information on Sugars, tried to ban the Mars slogan on the basis that there was no scientific proof that chewing chocolate was of any benefit. Jack Winkler, of AIS, said: ""There is no scientific evidence whatsoever that Mars makes any positive contribution to working, resting or playing."" (p.112)","Ve stejném roce se organizace zodpovědné za kontrolu kvality potravin pod vedením organizace „Action and Information on Sugars“ pokusili zakázat slogan na tyčince Mars na základě toho, že neexistuje žádný vědecký důkaz, že by žvýkání čokolády mělo jakýkoli užitek. Jack Winkler z AIS uvedl: „Neexistují vůbec žádné vědecké důkazy o tom, že by tečinky Mars měly pozitivní vliv na práci, odpočinek nebo zábavu.“"
factual uses,evidential uses,proof,"That would be the final proof that everybody, including us, has gone nuts. (p.111) ","To by byl konečný důkaz, že všichni, včetně nás, se zbláznili."
factual uses,comparative uses,difference,"Like any radio station with any size of audience, Radio One will always be worth pursuing. Of course, the fundamental difference between Radio One and other radio stations is that it's a public service broadcaster. (p.115)","Jako každá rozhlasová stanice s  určitou velikostí posluchačů, i Radio One bude vždy stát za poslech. Základní rozdíl mezi Radio One a jinými rozhlasovými stanicemi je samozřejmě v tom, že jde o veřejnoprávní vysílací společnost. "
factual uses,paratitive uses,factor,"...sheer laziness. Mr Elliott acknowledges that it is ""easier to get someone to adapt a book than to commission a new piece. Even if you have to change it you still have a baseline to operate from"". Fear of taking financial risks is another major factor. (p.117)"," ... naprostá lenost. Pan Elliott uznává, že je „jednodušší přimět někoho, aby knihu pozměnil, než aby objednal novou knihu. I když to musíte změnit, stále máte základní linii, ze které můžete vycházet. “ Dalším významným faktorem je strach z možných finančních rizik."
factual uses,paratitive uses,part,"Although the Bundesbank's president had hoped to reassure investors, they responded by dumping government bonds. Part of the problem, says Thomas Mayer, an economist at Goldman Sachs, an American investment bank, is that investors are confused about the central bank's motives. (p.119)","Ačkoliv prezident Bundesbank doufal, že uklidní investory, ti odpověděli zbavováním se vládních dluhopisů. Podle Thomase Mayera, ekonoma americké investiční banky Goldman Sachs, je část problému v tom, že investoři jsou zmateni motivy centrální banky.
"
factual uses,paratitive uses,example,"...Chocolate eggs are fairly recent creation, dating from the last century. Before that, real eggs, boiled and decorated, used to be given as presents and this is a good example of a custom pre-dating the Christian era. (p.120)","... Čokoládová vajíčka jsou poměrně nedávným výtvorem a pocházejí z minulého století. Před tím se pravá vejce, vařená a zdobená, dávala jako dárek, a to je dobrý příkladem zvyku před začátkem křesťanské éry.
"
factual uses,attitudinal uses,problem,"Besides, Britain is not a nation as dry as the Sahara. It does not even have a shortage of water. Large part of the country have more than they will ever need. The problem is that the water companies are as loath since privatization as they were before it to transfer the reservoirs of surplus water to where they are needed. (p.123)","Kromě toho území Británie není tak suché jako Sahara. Neexistuje tam ani nedostatek vody. Velká část jejího území jí má více, než kdy bude potřebovat. Problém je v tom, že vodárenské společnosti jsou od privatizace neochotné, jako byly před ní, aby přemístily přebytečné zásoby vody tam, kde je potřeba.
"
factual uses,attitudinal uses,snag,"Mr Rocard may seek to be, he cannot escape the fact that his proposed ""big bang"" realignment  of the non-right forces in France is the first and foremost designed to produce a vehicle for his presidential bid in two year’s time. This snag is that the polls show Mr Rocard as a loser against Mr Chirac, and that two years may not be long enough for him to build a sufficiently powerful base from which to succeed Francois Mitterrand. (p.122)","Rocard se může snažit, ale nemůže uniknout skutečnosti, že jím navrhovaný „velký třesk“ přeskupení nepravicových sil ve Francii je hlavně určen pro vytvoření prostředku pro svoji prezidentskou kandidaturu za dva roky. Háček spočívá v tom, že průzkumy veřejného mínění ukazují, že Rocard prohrává s Chiracem, a že dva roky nemusí být dostatečně dlouhá doba na to, aby se vytvořila dostatečně silná základna, z níž by mohl vzejít jako nástupce Francoise Mitterranda."
factual uses,attitudinal uses,trouble,"The concentration of pollen in the atmosphere may be of considerable interest to the hey fever sufferer, so much so that the figure is usually published in the newspapers along with the weather reports. The trouble is that it is not a forecast and only records the average level reached the day before, but it may explain why you felt so bad. (p.123)","Koncentrace pylu v atmosféře může být velmi zajímavá pro trpícího sennou horečkou, a proto  je tento údaj obvykle zveřejněn v novinách spolu se zprávami o počasí. Potíž je v tom, že nejde o předpověď a zaznamenává pouze průměrnou úroveň dosaženou den předtím, ale může vysvětlit, proč jste se cítili tak špatně."
factual uses,attitudinal uses,advantage,"...the Games. They are an experience of part of human culture that unities rather than divides us, a melting pot of ethnic diversity. The advantage is that there is a huge audience that can hear other things you may have to say. (p.126)","...hry. Jsou zážitkem části lidské kultury, která nás spíše sjednocuje, než rozděluje, tavící kotlík etnické rozmanitosti. Výhodou je, že existuje obrovské publikum, které slyší další věci, které možná budete muset říct.
"
factual uses,attitudinal uses,irony,"Germany’s BMW and Audi have both developed seat-belt systems that tighten up automatically in the event of a crash. The irony is that, so far, all this has not paid off for those car makers most associated with promoting their vehicle’s safety. (p.128)","Německé BMW a Audi vyvinuly systémy bezpečnostních pásů, které se v případě nehody automaticky napnou. Je ironií, že to vše se dosud nevyplatilo výrobcům automobilů, kteří jsou nejvíce spojováni s podporou bezpečnosti svých vozidel."
factual uses,attitudinal uses,tragedy,Roy's Cornes’s tragedy is that he was born with hemophilia. (p.129) ,"Roy Cornesova tragédie spočívá v tom, že se narodil s hemofilií."
factual uses,attitudinal uses,miracle,The miracle is that it avoids being smug or snooty. (p.130),"Zázrak je, že se vyhýbá samolibému nebo snobskému."
factual uses,attitudinal uses,revolution,"If things go on this way a whole political class is liable to be decapitated. Good. This is a necessary revolution, which Italy would be well advised to see coolly through to the finish. (p.130) ","Pokud to půjde tímto způsobem, je možné, že bude zlikvidována celá politická třída. OK. Toto je nezbytná revoluce, kterou bychom doporučili Itálii , aby ji s klidnou hlavou prošla až do cíle."
linguistic uses,propositional uses,news,"Not only was it Jane who raised Stephen’ morale when faced with the depressing news that his illness would eventually leave him paralysed and speechless, but it was she who physically helped him to write his blockbuster. (p.135) ","Nejen Jane, která zvedla Stephenovu morálku, když čelil depresivní zprávě, že jeho nemoc ho nakonec ochromí a nebude moci mluvit, ale byla to ona, kdo mu fyzicky pomohl sepsat jeho trhák."
linguistic uses,propositional uses,report,The report form our correspondent in Budapest KIRSTY LANG: the question of how the president should be chosen...(p.143),"Zpráva od našeho korespondenta v Budapešti KIRSTY LANG: otázka, jak by měl být prezident zvolen..."
linguistic uses,propositional uses,information,‘’Friendly newspaper sources’’ are then said to have passed on to Mr Burnside information that a secretary in BA’s headquarters had been feeding details to Virgin. (p.142),"„Přátelské novinářské zdroje“ pak údajně předaly Burnsideovi informaci, že sekretářka v ústředí BA poskytovala informace letecké společnosti Virgin."
linguistic uses,propositional uses,story,[..erm but of that six point five was a national price hike and then there was a six per cent surcharge put on er fuel sold in in the Mexico City metropolitan area and in fact in two other cities.] Erm and the story was that this money from this would be used to finance er from this surcharge this money would be used to finance erm er pollution control measures. (p.143) ,"[..erm, ale z těch šesti bodů pět bylo zvýšení cen na národní úrovni a pak došlo k šestiprocentnímu příplatku za palivo prodávané v metropolitní oblasti Mexico City a ve skutečnosti ve dvou dalších městech.] Erm šlo o to, aby tak získáné peníze by byly použity k financování er peníze z tohoto příplatku, tyto peníze budou použity k financování všech opatření na omezení znečištění."
linguistic uses,propositional uses,argument,"The Tories risk going into a general election with child benefit frozen for four years, a state widely seen as untenable as a manifesto position, but with no clear policy on what would replace it. Sir Norman’s argument was that it should not be replaced but maintained. (p.132)","Konzervativci riskují, že vstoupí do všeobecných voleb s návrhem zmrazení dětských přídavků na čtyři roky, což je situace, která je obecně považována za neudržitelnou pro volební prohlášení, ale bez jasného plánu, co by jej nahradilo. Argumentem sira Normana bylo, že by neměl být nahrazen, ale měl by zůstat."
linguistic uses,propositional uses,message,A conference on sickle cell disease is spreading the message that the blood disorder needn’t stop sufferers achieving what they want. (p.142)," Konference o srpkovitých onemocněních přichází se zprávou, že krevní porucha nemusí zabránit tomu, aby postižení dosáhli toho, co chtějí."
linguistic uses,propositional uses,joke,The real joke is that already no one can remember all the names. (p.145),"Skutečný vtip je, že si už nikdo nepamatuje všechna jména."
linguistic uses,propositional uses,talk,"After Lukoil, Russia’s largest state-owned oil-producer, had joined the project earlier this year, there was talk that a contract to develop the oilfields would soon be agreed upon. (p.146)","Poté, co se na začátku letošního roku k projektu připojil Lukoil, největší ruský státní producent ropy, se začalo hovořit o tom, že bude brzy dohodnuta smlouva na využití ropných polí."
linguistic uses,propositional uses,rumour,"But Forest are bottom of the Premier League and Betty Higgins, the leader of the Labour-controlled council, said: “ We had heard a rumour that Brian would not be in charge of Forest for much longer.” It was just something that someone said. (p.146)","Forest je ale v Premier League na dně a Betty Higgins, předseda /městské/ rady kontrolované labouristy, řekla: „Slyšeli jsme zvěsti, že Brian už nebude déle vést Forest.“ Bylo to jen něco, co někdo řekl."
linguistic uses,propositional uses,myth,"To someone lacking in confidence, and sensitive about their weight and body shape-and let’s face it, many women channel their insecurities into that very area, responding to the myth that successful women are slim and good-looking- the idea of having your cake, eating it and not paying the price in pounds of flesh may seem appealing. (p.147) ","Pro někoho, kdo si nevěří a uvědomuje si svou váhu a tvar svého těla - a přiznejme si, že mnoho žen směruje svou nejistotu právě do této oblasti a reaguje na mýtus, že úspěšné ženy jsou štíhlé a dobře vypadající - myšlenka, že můžeš snist, co chceš,  a nezaplatit za to cenu v kilogramech zvýšené váhy, se může zdát lákavé."
linguistic uses,illocutionary uses,statement,"‘’Thanks, Aida, and I must say it’s nice to see all of you again,’’ Nell responded, and she smiled warmly at Fanny and Val, including them in this statement. (p.155) ","„Díky, Aido, a musím říct, že je hezké vás všechny znovu vidět,“ odpověděla Nella a vřele se usmála na Fanny a Val, a zahrnula je v tomto prohlášení."
linguistic uses,illocutionary uses,observation,He could only point Thomas’s absence and the ageless observation that football is a funny old game. (p.155)," Mohl jen reagovat na Thomasovu nepřítomnost s nestárnoucí příměrem, že fotbal je stará legrační hra."
linguistic uses,illocutionary uses,announcement,"The encouraging news from the Jockey Club that records were broken last season, both in the number of horses granted hunter certificates and runners taking part in point-to-points, was dampened at the weekend with the announcement that the RMC group is giving up its sponsorship of the sport. (p.156) ","Povzbudivá zpráva z Jockey Clubu, že v loňské sezóně byly překonány rekordy, a to jak v počtu koní, kterým byly uděleny lovecká osvědčení, tak v počtu běžců účastnících v závodu mezi dvěma body, byla o víkendu utlumena oznámením, že skupina RMC se vzdává sponzorství tohoto sportu."
linguistic uses,assertive uses,bet,The Champion Hurdle at the Festival meeting is the target for the super tough Danoli this time round and he looks an interesting proposition at 6-1 in Corals’ early betting. – My bet is that he’ll go off a fraction of those odds on the day. (p.162) ,"Závod Champion Hurdle na Festivalu je tentokrát hlavním cílem vynikajícího Danoliho a v prvních sázkách na Corals vypadá zajímavá sázka při poměru 6: 1. - Myslím, že v den závodu to bude jen zlomek těchto kurzů."
linguistic uses,assertive uses,guess,To my guess would be that er people are going to renew their interests and er we will see erm a serious pressure from that particular source. (p.202),"Podle mého odhadu to bude tak, že lidé znovu projeví svůj zájmem a že uvidíme silný tlak z tohoto konkrétního zdroje."
linguistic uses,assertive uses,claim,"...debate about Maastricht. The rest of Europe, they tell us, has not matched up to us and would have avoided many of their own domestic political embarrassments had they done so. There may once have been a certain justice in this claim. (p.162)","... debata o Maastrichtu. Zbytek Evropy, jak nám říkají, že se s námi neshodoval a byl by se vyhnul mnoha svým vlastním domácím politickým trapasům, kdyby to udělali. Toto tvrzení mohlo být dříve oprávněné."
linguistic uses,assertive uses,verdict,"I WOULD disagree with verdict that Mick Jagger’s brainchild National Music Day, was a ‘flop’. (p.164) ","Nesouhlasil bych s verdiktem, že National Music Day, nápad Micka Jaggera, byl „propadák“."
linguistic uses,assertive uses,revelation,"Then, with the revelation in 1953 that the remains were a fake, the story became a real whodunnit. (p.164)","Poté, co bylo v roce 1953 odhaleno, že pozůstatky byly falešné, se příběh stal skutečnou detektivkou."
linguistic uses,assertive uses,lie,"Tories said the news ""nailed the lie"" that Britain was suffering alone. (p.166)","Toryové prohlásili, že zprávy „odhlalily lež“, že Británie trpí sama."
linguistic uses,rogative uses ,question,I rejected this firmly: it is beyond question that they must behave professionally and use reasonable care. (p.167),"Rozhodně jsem to odmítl: je nepochybné, že se musí chovat profesionálně a používat přiměřenou péči."
linguistic uses,directive uses,demand,...the government side would not agree to the demonstrator’s demand that cameras be allowed into the meeting to film the event. (p.172)," ... vládní strana by nesouhlasila s požadavkem demonstrantů, aby byly na schůzi povoleny kamery, které by tuto událost natáčely."
linguistic uses,directive uses,invitation,Mr Gorbachov had to work hard to get his invitation to address the Group of Seven leaders. (p.174),"Pan Gorbachov musel tvrdě pracovat, aby dostal pozvání promluvit ke skupině sedmi vůdců."
linguistic uses,directive uses,advice,[But don’t forget to inform your waitress that you don’t want eggs in your dishes. You will never miss them in your sukiyaki.] The only other advice is to avoid the soya-sauce container on the table. (p.175)," [Nezapomeňte však informovat svou servírku, že nechcete, aby vám do jídel byla přidána vejce. Ve vašem sukiyaki je vždy dostanete.] Jedinou další radou je vyhnout se lahvičce se sójovou omáčkou na stole."
linguistic uses,directive uses,suggestion,...response to John Major’s suggestion that people should write into Downing Street...(p.176),"... reakce na návrh Johna Majora, aby lidé psali do Downing Street... "
linguistic uses,commissive uses,offer,"He rejected roles in such blockbusters as Die Hard, Alien 3 and Patriot Games and turn down a million-dollar offer to play the villain in Lethal Weapon 3 in order to concentrate on his own production. (p.177)","Odmítl role ve filmových trhácích jako Die Hard, Alien 3 a Patriot Games a odmítl milionovou nabídku hrát darebáka v Lethal Weapon 3, aby se mohl soustředit na vlastní produkci."
linguistic uses,commissive uses,promise,The new Home Secretary has welshed on his predecessor’s promise to provide a police authority for London. (p.178) ,Nový ministr vnitra neslnil slib svého předchůdce poskytnout policejní pravomoce pro Londýn.
linguistic uses,commissive uses,threat,"Of the two chief whaling nations, Norway is adamant in its threat to hunt the migratory minke whale...in the northern Atlantic.(p.180)", Ze dvou hlavních velrybářských zemí je Norsko neústupné ve své hrozbě lovit stěhovavou minke velrybu ... v severním Atlantiku.
linguistic uses,commissive uses,warning,The Association will give a warning that poll tax bills in some Conservative districts will exceed government guidelines unless they receive a higher proportion of the money being made available to local authorities. (p.135),"Asociace varuje, že pokud nedostanou vyšší podíl peněz poskytnutých místním úřadům, překročí účty za daň z hlavy v některých konzervativních okresech vládní směrnice."
linguistic uses,expressive uses,complaint,Visa’s complaint that the report failed to deal adequately with certain questions was no basis for invalidating its findings. (p.181),"Stížnost společnosti Visa, že se zpráva dostatečně nezabývala určitými otázkami, nebyla důvodem pro vyvrácení jejich zjištění."
mental uses,conceptual uses,idea,"Their idea of heaven is to find a molecule in the body that is causing some sort of trouble, and to work out what it is doing wrong. (p. 191)","Jejich představa o nebi je najít v těle molekulu, která způsobuje některé z potíží, a přijít na to, co dělá špatně."
mental uses,conceptual uses,theory,The old theory that you can tell a woman’s true age by looking at her hands. (p.188) ,"Stará teorie, podle které můžete zjistit skutečný věk ženy pohledem na její ruce."
mental uses,conceptual uses,thought,The old thought that that man Charles will one day be king. (p.188),"Stará myšlenka, že ten muž Charles jednou bude králem."
mental uses,conceptual uses,concept,Salt made the crucial distinction between the Victorian philanthropic notion of animal welfare and the concept of animal rights. (p.191),Salt provedl zásadní rozlišení mezi viktoriánskou filantropickou představou o dobrých životních podmínkách zvířat a konceptem práv zvířat.
mental uses,conceptual uses,mystery,...and the even more controversial chat between Prince Charles and Mrs Camilla Parker Bowles. The two set abbot probing the origin of the tapes hoping that they would unravel the intriguing mystery of who had bugged the royal couple and why. (p.195)   ," ... a ještě kontroverznější rozhovor mezi princem Charlesem a paní Camillou Parker Bowlesovou. Ti dva se rozhodli zkoumal původ kazet, a doufali, že odhalí zajímavou záhadu, kdo a proč odposlouchával královský pár."
mental uses,conceptual uses,unknown,How long will they stay? That is the great unknown. (p.194), Jak dlouho tam zůstanou? To je velká neznáma.
mental uses,creditive uses,belief,I do hope the Conservatives’ Cheltenham candidate John Taylor is wrong in his belief that fellow Tories celebrated his General Election defeat because he was black. (p.199),"Doufám, že kandidát  konzervativců v Cheltenhamu John Taylor se mýlí ve svém názoru, že jeho Tory kolegové oslavovali jeho porážku ve všeobecných volbách, protože byl černoch."
mental uses,creditive uses,impression,The impression that events are fast slipping from their control is confirmed by an order from the Ministry of Defence authorizing the withdrawal of all military units from the streets of Moscow. (p.197) ,"Dojem, že se události rychle dostávají z jejich kontroly, potvrzuje příkaz ministerstva obrany povolující stažení všech vojenských jednotek z ulic Moskvy."
mental uses,creditive uses,speculation,"One of the UN officials, Mr Giandomenico Picco, is now in the Syrian capital, Damascus. There is speculation that he may meet representatives there of Islamic Jihad as well as the visiting Iranian Interior Minister, Mr Abdallah Nouri. (p.196) "," Jeden z úředníků OSN, pan Giandomenico Picco, je nyní v syrském hlavním městě Damašku. Spekuluje se o tom, že se tam může setkat s představiteli islámského džihádu i s íránským ministrem vnitra Abdalláhem Nourim, který je tam na návtštěvě. (str.196) "
mental uses,creditive uses,knowledge,At any of Lord McAlpine’s five clubs [...] members can speak up for absent friends like Mr Botnar or Mr Asil Nadir in the comfortable knowledge that their views have been spoken out loud by a former treasurer of the Tory party on the Breakfast With Frost pregame. (p.197),"V kterémkoli z pěti klubů lorda McAlpinea [...] mohou členové hovořit za nepřítomné přátele, jako jsou pan Botnar nebo pan Asil Nadir s vědomím, že jejich názory nahlas vyslovil bývalý pokladník konzervativní strany během programu „Snídaně se Frostem.“"
mental uses,creditive uses,assumption,"Implicit in Foucault’s work is an attack on the centrality of labour in emancipatory politics. His thought processed from the assumption that the working class, through its place in the process of production, is not the vanguard of social change. (p.137)","Foucaultova práce implicitně zahrnuje útok na ústřední postavení práce v emancipační politice. Jeho myšlenka byla zpracována z předpokladu, že dělnická třída prostřednictvím svého místa ve výrobním procesu není předvojem společenských změn."
mental uses,creditive uses,expectation,My own expectation is that the legitimate government of Kuwait will be re-established in the next six months and that the present government of Iraq will probably fall as a consequence. (p.198) ,"Očekávám, že v příštích šesti měsících bude znovu nastolena legitimní vláda Kuvajtu a že v důsledku toho pravděpodobně padne současná vláda Iráku."
mental uses,creditive uses,feeling,"...said: ""Radiologists and dentists did not seem to carry any increased risk. Those who worked with nuclear materials, scientists and nuclear technicians, who would have suffered internal contamination, were at risk. My own feeling is that alpha emitters, like plutonium, are going to prove an important pathway through fathers to their unborn children.’’ (p. 202)","... řekl: „Zdá se, že radiologové a zubaři nejsou více ohroženi. Ti, kteří pracovali s jadernými materiály, vědci a jaderní technici, kteří by prodělali vnitřní kontaminaci, byli ohroženi. Já si osobně myslím, že alfa emitory, jako je plutonium, dokáží důležité spojení mezi otci k jejich nenarozeným dětem.“"
mental uses,creditive uses,view,"The Inland Revenue have a perfect right to say, “Look, this is cosmetic,” but in this particular case, since John Birt Productions Ltd is a genuine vehicle, my own view would be that it has worked. (p.204) ","Daňová správa má absolutní právo říci: „Podívej,  to je kosmetické,“ ale v tomto konkrétním případě, protože John Birt Productions Ltd je skutečným prostředkem, můj vlastní názor je, že to fungovalo."
mental uses,creditive uses,experience,"After nearly 60 years on this earth, 46 of them spent in the pleasurable pursuit of fish, my experience is that people who follow the field sports, particularly angling and particularly young anglers, are far less antisocial than those who never go near the countryside or its pursuits. (p.204)","Po téměř 60 letech na této zemi, 46 z nich strávených příjemným lovem ryb, mám zkušenost, že lidé, kteří provozují lovecké sporty, zejména rybáření a zvláště pak mladí rybáři, jsou mnohem méně asociální než ti, kteří nikdy nepřijdou do přírody nebo se o ni nezajímají."
mental uses,creditive uses,realisation,"And in Baghdad, meanwhile, behind Saddam Hussein’s belligerent rhetoric may lie the realization that the time or manoeuvre and brinkmanship is now running out. (p.206)","A v Bagdádu může mezitím za agresivní rétorikou Saddáma Husajna ležet poznání, že čas na manévrování a riskantní politiku se nyní krátí."
mental uses,creditive uses,lesson,"...What we have witnessed in the past five years is massive retrenchment and refortification by the British in the occupied area,” he explained “The lesson is that when they rearm we improvise.” (p.207)","...čeho jsme byli svědky za posledních pět let, je masivní omezování a refortifikace Britů v okupované oblasti,“ vysvětlil. „Pounačením je, že když se vyzbrojují, my improvizujeme.“"
mental uses,creditive uses,illusion,But that was a scientific illusion built on evolutionary terminology. (p.208),Ale to byla specifická iluze založená na evoluční terminologii.
mental uses,volitional uses,aim,"The Government’s aim is to make GP’s more financially accountable, in charge of their own budgets, as well as to extend the choice of the patient. Under this new scheme, family doctors are required to produce annual reports for their patients. (p.7)","Cílem vlády je zvýšit finanční odpovědnost praktických lékařů, aby byli odpovědní za vlastní rozpočet, a také rozšířit výběr pro pacienty. V rámci tohoto nového režimu jsou praktičtí lékaři povinni vypracovávat výroční zprávy pro své pacienty."
mental uses,volitional uses,hope,"All three Baltic leaders have turned up for today’s meeting; not to participate, they say, but to observe, in the hope that they’ll also be able to hold joint talks with President Gorbachev..(p.211)","Všichni tři pobaltští vůdci se přihlásili na dnešní schůzku; říkají, že se jí nebudou účastnit, ale budou jakou přísedící v naději, že také budou moci vést společné rozhovory s prezidentem Gorbačovem."
mental uses,volitional uses,idea,It’s now been over a month since Soviet president Mikhail Gorbachov cut off all oil and most natural gas supplies to Lithuania. The Kremlin’s idea is to bring the country to its knees for having declared independence from the Soviet Union. (p.211),"Je to už více než měsíc, co sovětský prezident Michail Gorbachov přerušil veškeré dodávky ropy a většinu dodávak zemního plynu do Litvy. Cílem Kremlu je dostat zemi na kolena za to, že vyhlásila samostatnost na Sovětském svazu."
mental uses,volitional uses,vision,But Wallyworld’s grandest vision is to make Alaska the linch-pin of a new global rail system. (p.210),Největší vizí Wallyworlda je však udělat z Aljašky základnu nového globálního železničního systému.
mental uses,volitional uses,goal,Walker’s next goal is to get into the Welsh squad for the Five Nations Championship in the New Year...(p.210),Walkerovým dalším cílem je dostat se v novém roce do velšského týmu pro mistrovství pěti národů...
mental uses,volitional uses,plan,In Canada a plan to slaughter the largest buffalo herd in the world has triggered off an unprecedented revolt within a government branch charged with the protection of that country’s national park. (p.213),Plán na zabití největšího stáda bizonů na světě rozpoutal v Kanadě bezprecedentní vzpouru ve vládním úřadě pověřeném ochranou národních parků této země.
mental uses,volitional uses,decision,...it will change its previous decision that the NBA was not against the public...(p.214) ,"...změní své předchozí rozhodnutí, že NBA nebyla proti veřejnosti..."
mental uses,volitional uses,rule,"...unusual meals, overeating and travel stress –they are all situations that can create a medley of problems for your digestive system and bring it to a virtual halt, while your internal clocks are spinning in confusion. A basic rule is to eat lightly; small portions of food can generally be better tolerated. (p.212)","... neobvyklá jídla, přejídání a cestovní stres - to jsou všechny situace, které mohou vytvořit směsici problémů pro váš trávicí systém a fakticky jej zastavit, zatímco vaše vnitřní hodiny zmateně rotují. Základní pravidlo je jíst lehká  jídla; malé porce jídla lze obecně snášet lépe."
mental uses,volitional uses,desire,"One knows he is in continual pain and that engages sympathy at once, but thereafter, it is his self-torturing desire to speak truthfully which is so admirable. (p.215)","Je známo, že má neustálé bolesti, které najednou projevuje soucit, ale poté je to jeho sebemučící touha mluvit pravdu, která je tak obdivuhodná."
mental uses,volitional uses,refusal,"His approach to life and politics was no more popular than his yellow socks, and his refusal to kowtow to the prevailing political currents did not make him a popular figure with the Tory apparatchiks of the period. (p.218)",Jeho přístup k životu a politice nebyl o nic populárnější než jeho žluté ponožky a jeho odmítnutí podvolit se převládajícím politickým proudům z něj neudělalo populární postavu dobových konzervativců.
mental uses,volitional uses,reluctance,"...and commercial associations developed that did not act in New Zealand’s interest when circumstances changed. For example, much of the meat processing industry was controlled by British capital, and its reluctance to maintain investment and to diversify markets and products as rapidly as the dairy industry cannot be divorced from this relationship. (p.217)  ","...a vyvinula se obchodní sdružení, která při změně situace nejednala v zájmu Nového Zélandu. Například velká část masného průmyslu byla ovládána britským kapitálem a jeho neochota udržovat investice a diverzifikovat trhy a produkty tak rychle jako mléčný průmysl nemůže být oddělena od tohoto vztahu."
mental uses,volitional uses,purpose,"The purpose of this leaflet, the enclosed Forecast Sheets and Year-End Checklist is to provide you with the relevant business planning tools to help you secure the many benefits that on-going planning can provide. (p.219)","Účelem této příbalové informace, přiložených Předpovědních listů a Kontrolního seznamu - konec roku, je poskytnout příslušné nástroje pro plánování podnikání, které vám pomohou zajistit mnoho výhod, které vám  průběžné plánování může poskytnout."
mental uses,volitional uses,function,the most important of function of the first aider is to ensure that the casualty’s air passages remain open. (p.219)  ,"nejdůležitější funkcí záchranáře při první pomoci je zajistit, aby dýchací cesty postiženého zůstaly průchodné."
mental uses,volitional uses,solution,"Once again the Government has decided to do something about underage sex. This time, rather than brandishing condoms in the classroom or publishing an explicit sex guide for teenagers, it is suggesting the solution is to turn teachers into classroom’s spies. (p.220)","Vláda se znovu rozhodla něco udělat se  sexem nezletilých. Tentokrát namísto ukazování kondomů ve třídě nebo publikování explicitního sexuálního průvodce pro teenagery navrhuje řešení, které z učitele dělá vyzvědače ve třídě."
mental uses,volitional uses,motivation,He said Mr Baker’s prime motivation was “to make headlines rather than find solutions”...(p.221),"Řekl, že hlavní motivací Bakera bylo „dělat titulky spíše než hledat řešení“…"
mental uses,volitional uses,determination,His determination to oust Dr Mahathir and stop him winning his third consecutive term in office is matched only by the Prime Minister’s mission to annihilate the opposition once and for all. (p.222),Jeho odhodlání zbavit úřadu doktora Mahathira a zabránit mu vyhrát jeho třetí po sobě jdoucí funkční období se vyrovná pouze s misí předsedy vlády zničit opozici jednou provždy.
mental uses,volitional uses,gall,"James Patrick even had the gall to ask about the existence of a will; bold as brass, as if he had the right to know. (p.223)","James Patrick měl dokonce tu drzost se zeptat na existenci závěti; odvážně beze strachu, jako by měl právo to vědět."
mental uses,volitional uses,grace,"Heseltine had the grace, or the political nouns, to admit that he was shocked by the reaction of Middle England. (p.223)","Heseltine měl tu slušnost, nebo politickou přiznat, že byl šokován reakcí střední Anglie."
mental uses,volitional uses,agreement,"It is a great help if you can couple a membership with a COVENANT, which is an agreement to pay the Association an amount of annually for at least 4 years. (p.224)","Bude velkou pomocí, pokud můžete spojit členství s COVENANTEM, což je dohoda o placení Sdružení roční částky po dobu nejméně 4 let."
mental uses,volitional uses,consensus,"He wouldn’t perform at Axl Rose’s thirtieth-birthday bash and turned down a spot on this summer’s Metallica-Guns N’’ Roses tour. Still and all, “the general consensus is that Nirvana should quit,” says Bjelland. (p.225)","Nechtěl vystoupit na oslavě třicátých narozenin Axla Rose a odmítnul místo na letním turné Metallica-Guns N“ Roses. Přesto je „všeobecná shoda v tom, že Nirvana by měla přestat,“ říká Bjelland."
mental uses,volitional uses,contract,Mr Qin has signed a contract to rent the stretch of pavement from Peking municipality at about 70p per square metre a month. (p.225),Pan Qin podepsal smlouvu na pronájem úseku chodníku od pekinské samosprávy za přibližně 70 pencí měsíčně za metr čtvereční.
mental uses,emotive uses,relief,President Bush has already been in contact with Mr Major and Americans are expressing relief that a quick transition has been achieved with no dramatic change on Gulf policy expected. (p.226),"Prezident Bush již byl v kontaktu s  Majorem a Američané vyjadřují úlevu nad tím, že bylo dosaženo rychlého přechodu a neočekávají se dramatické změny v politickém přístupu pro oblast Perského zálivu."
mental uses,emotive uses,regret,Giles smiled to himself. His one regret was that Clare had not been on hand to witness his newly-honed technique. (p.227),"Giles se pro sebe usmál. Litoval, že Clare nebyla po ruce, aby byla svědkem jeho nově zdokonalené techniky."
mental uses,emotive uses,fear,The fear of contracting AIDS was very real. (p.229),Strach z nákazy AIDS byl velmi skutečný.
mental uses,emotive uses,concern,If we have any more coming along then that would be very worrying indeed. Our concern would be that the services would be overloaded. (p.229),"Pokud budeme mít další, pak by to bylo opravdu velmi znepokojující. Obávali bychom se, že by služby byly přetíženy."
modal uses,epistemic uses,risk,"Mr Major is going for gold; but the risk is that if the economy goes from bad to worse, he would be disqualified altogether. (p.238)","Pan Major si vybral zlato; ale riziko je, že pokud se ekonomika zhorší, bude zcela diskvalifikován."
modal uses,epistemic uses,chance,Perhaps both tasks will be worthless because there is a good chance that at least one of his rivals will beat him. (p.240),"Možná budou oba úkoly nebudou mít žádný význam, protože existuje velká šance, že ho alespoň jeden z jeho soupeřů porazí."
modal uses,epistemic uses,danger,There is a danger that the youthful zest is being sapped out of her and her tennis as it was for Tracy Austin and Andrea Jaeger before her. (p.238),"Existuje nebezpečí, že z ní a jejího tenisu zmizí mladistvé nadšení, jak to bylo předtím u Tracy Austinové a Andrei Jaegerové."
modal uses,epistemic uses,probability,"...as having been suggested first by Geoffrey, that can hardly be supposed possible in the case of the English name of Ludgate Hill. The probability is that as a temple on a hill near Severn associated him with that river in the west, so a still more ambitious temple on a hill connected him with the Thames in the east. (p.240) ","... jak to navrhl nejprve Geoffrey, že v případě anglického jména Ludgate Hill se to stěží dá předpokládat za možné. Je pravděpodobné, že jako chrám na kopci poblíž Severn ho spojoval na západě s tou řekou, tak ještě ambicióznější chrám na kopci ho spojoval s Temží na východě."
modal uses,epistemic uses,likelihood,"Budgerigars are particularly at risk as they frequently climb around the mesh using their beaks, increasing the likelihood that they will consume rust particles. (p.241)","Andulky jsou obzvláště ohroženy, protože často šplhají po pletivu pomocí zobáků, což zvyšuje pravděpodobnost, že můžou sníst částice rzi."
modal uses,epistemic uses,certainty,His sole allegiance is to freedom of artistic expression—to the certainty that “poets must always stand against the powerful or truth will die.” (p.242),"Jeho jedinou oddaností je oddanost k svobodě uměleckého projevu - a  jistota, že „básníci musí vždy stát proti mocným, jinak pravda zemře.“"
modal uses,epistemic uses,fact,...the fact that we knew that other yachts acted as pathfinders. (p.192),"...skutečnost, že jsme věděli, že jiné jachty fungovaly jako naváděči."
modal uses,epistemic uses,truth,"At one time, East Germany was thought to have a strong industrial base and a well trained workforce, but the truth is that many factories are so antiquated they are not worth saving and they are staffed by workers whom the West Germans judge to be lazy and lacking any sort of drive. (p.243)  ","Kdysi se o východním Německu myslelo, že má silnou průmyslovou základnu a dobře vyškolenou pracovní sílu, ale pravdou je, že mnoho továren je tak zastaralých, že nestojí za záchranu, a pracují v nich pracovníci, o nichž si západní Němci myslí, že jsou líní a bez jakékoli snahy."
modal uses,epistemic uses,reality,"For some years it has been called the British Architectural Library, giving the impression it is in some way part of the British Library. The reality is that the British Library gets free copyright copies of every British architectural book, while the RIBA has to purchase them. (p.243)","Již několik let se jí říká Britská architektonická knihovna, což budí dojem, že je nějakým způsobem součástí Britské knihovny. Realita je taková, že Britská knihovna dostane zdarma kopie každé britské architektonické knihy s autorskými právy, zatímco RIBA je musí zakoupit."
modal uses,deontic uses,permission,"He was not embarrassed by the leak of his letter, but the Attorney General told him permission to publish all his correspondence “might give him some difficulty.”(p.246)  ","Nebyl zahanben únikem svého dopisu, ale generální prokurátor mu řekl, že povolení zveřejnit veškerou jeho korespondenci „by mu mohlo způsobit potíže.“ "
modal uses,deontic uses,option,In one likely option is that he will play a key role in...(p.239) ,"Jednou z pravděpodobných možností je, že bude hrát klíčovou roli v..."
modal uses,deontic uses,mission,"In another aspect of the American military involvement in the Gulf, several papers carry a photograph depicting the vapour trail of the space shuttle, Atlantis, as it blasts off on a mission to put a military spy satellite into orbit. (p.248) ","Jako další aspekt americké vojenské angažovanosti v Perském zálivu uveřejnilo několik deníků  fotografii zachycující kondenzační stopu  raketoplánu Atlantis, jak je vypuštěn s cílem umístit vojenský špionážní satelit na oběžnou dráhu."
modal uses,deontic uses,need,They spoke of the need to give the organization new powers of intervention to deter aggression. (p.249) ,"Mluvili o potřebě poskytnout organizaci nové pravomoci k zásahu, aby se zabránilo agresi."
modal uses,deontic uses,obligation,Deontic: John has the obligation to be home by ten. (p.232),Deontic: John má povinnost být doma do deseti hodin.
modal uses,dynamic uses,ability,Smith’s own ability to rationalize different circumstances and bring sense to problems was formed in the East End of Glasgow...(p.252),"Smithova vlastní schopnost racionalizace různých okolností a řešení problémů byla vytvořena v Glasgow, v jeho části East End..."
modal uses,dynamic uses,failure,"His remarks are being interpreted by many here as preparation for his expected failure to unseat Mr Patterson, Jamaica’s first black leader. (p.254)","Jeho poznámky byly interpretovány mnohými zde jako příprava na jeho očekávané selhání při pokusu o sesazení pana Pattersona, prvního černošského vůdce Jamajky."
modal uses,dynamic uses,inability,Most problems with our eyesight are caused by an inability of the lens to focus properly. (p.253),Většina problémů s naším zrakem je způsobena neschopností čoček se správně zaostřit.
modal uses,dynamic uses,potential,Cambridge University is said to have applied for a patent to investigate a Fujisawa Pharmaceutical drug for its potential to prevent the spread of HIV. (p.253),Cambridge University údajně požádala o patent na zkoumání  léčivého přípravku Fujisawa Pharmaceutical z důvodu jeho potenciálu zabránit šíření HIV.
modal uses,dynamic uses,opportunity,"It’s really an opportunity to concentrate on something different from work and home. (p,251)",Je to opravdu příležitostí soustředit se na něco jiného než na práci a domov.
modal uses,dynamic uses,chance,Epistemic: there is a good chance that John is at home already. (p.232),"Vědomostní: je velká šance, že John je již doma."
modal uses,dynamic uses,tendency,Multipurpose dye has a tendency to wash out or become “non-colourfast” in wool. (p.258),Víceúčelové barvivo má tendenci ve vlně ztrácet barvu nebo schopnost být „stálobarevné.“
modal uses,dynamic uses,time,The best time to encourage your older child to start caring for a new baby is before the birth. (p.256),"Nejlepší čas podnítit vaše starší dítě, aby se začalo starat o novorozené dítě, je před narozením."
modal uses,dynamic uses,way,Senior Republicans admit that the economy is undermining their base of voters. Some believe the only way to win is press home personal attacks on Mr Colinton...(p.256) ,"Starší republikáni připouštějí, že ekonomika podkopává jejich voličskou základnu. Někteří věří, že jediným způsobem, jak vyhrát, je útočit na Clintona..."
modal uses,dynamic uses,place,the place to make the right contacts—an activity long known as “networking.” – will be the Net. (p.256),místem pro navázání správných kontaktů - aktivita dlouho známá jako „networking“ - bude Internet.
modal uses,dynamic uses,position,"Paradoxically, my being both horizontal and ill and therefore in no position to displace her brought out the best in my mother,...(p.256)","Paradoxně moje existence jak horizontální, tak nemocné, a proto jsem neměl žádnou možnost ji nahradit, vzbudilo to nejlepší v mé matce, …"
modal uses,dynamic uses,possibility,But it is the possibility that some of Iraq’s vast 10 billion Dollars nuclear weapons programme has escaped which provokes the most unease. (p.236),"Je však možné, že unikla část z obrovského iráckého programu jaderných zbraní v hodnotě 10 miliard dolarů, což vyvolává největší neklid."
eventive uses,general uses,event,"""The UK faces pressure on hostages."" Is the main headline in the FINANCIAL TIMES following the event that two of the captives...were seen...by the newly released American hostage, Frank Reed. (p.141)","„Spojené království čelí tlaku na rukojmí.“ To je hlavním titulkem FINANCIAL TIMES po události, kdy nově propuštěný americký rukojmí Frank Reed...uviděl...dva ze zajatců…"
eventive uses,general uses,position,I’m in the fortunate position where it’s become the norm for me to do something different each time. (p.265) ,"Jsem ve šťastné pozici, kdy se pro mě stalo normou pokaždé dělat něco jiného."
eventive uses,general uses,situation,We now have a situation where thrombolytic therapy is very widely accepted and very widely practiced. (p.265),"Nyní máme situaci, kdy trombolytická terapie je  široce přijímána a široce používána."
eventive uses,general uses,action,The first action was to place the vessel under cover and remove the deckhouse. (p.263),První akcí bylo umístění plavidla pod kryt a odstranění paluby.
eventive uses,general uses,act,Gillies’ first act was to fire Ed Hayes as lawyer for the foundation. (p.263),"Gilliesovým prvním činem bylo, že vyhodil Eda Hayese jako právníka nadace."
eventive uses,general uses,situation,"If a class is conscious of what advantage it has, it will necessarily generate notions that tend to create and preserve that situation. (p.263)","Pokud si je třída vědoma toho, jakou výhodu má, bude nutně přicházet s teoriemi, které mají tendenci tuto situaci vytvářet a zachovávat."
eventive uses,specific uses,attempt,"The British foreign secretary, Mr Hurd, has failed in an attempt to get the Israeli government to change its mind about refusing to accept a UN mission to investigate last week’s killings in Jerusalem. (p.267)","Britský ministr zahraničí Hurd selhal ve snaze přimět izraelskou vládu, aby změnila svůj názor, kdy odmítla přijmout misi OSN na vyšetření vražd v Jeruzalémě z minulého týdne."
eventive uses,specific uses,move,It was in the aftermath of this crash that he converted to Judaism. This move inspired his own joke in reply to a fellow-golfer who asked him what his handicap was. He remarked: “I’m a one-eyed Jewish negro. What more do you want.” (p.268),"V důsledku této havárie konvertoval k judaismu. Tento krok inspiroval jeho vlastní vtip, jímž odpověděl kolegovi golfistovi, který se ho zeptal, jaký je jeho handicap. Poznamenal: „Jsem jednooký židovský černoch. Co chceš víc.“"
eventive uses,specific uses,tradition,The school has the well-established tradition of teaching and research in these areas. (p.268),V těchto oblastech má škola dlouhodobou tradici ve výuce a výzkumu.
eventive uses,specific uses,habit,Every new report on the effects of smoking adds to the weight of scientific knowledge and common sense against the perils of this dangerous habit. (p.269),Každá nová zpráva o účincích kouření zvyšuje váhu vědeckých poznatků a zdravého rozumu před nebezpečím tohoto nebezpečného zlozvyku.
eventive uses,specific uses,priority,"The herbalist’s priority is to encourage the body to proceed with the change as smoothly as possible, rather than relying on temporary, and often delaying, alleviation of hormone replacement therapy. (p.269)","Prioritou bylinkáře je povzbudit tělo, aby postupovalo se změnami co nejplynuleji, než aby se spoléhalo na hormonální substituční terapii, která přináší zmírnění dočasné a často s časovým odstupem."
eventive uses,attitudinal uses,problem,Several years ago I was involved in a project aimed at measuring the reflectivity of metallized glass. The problem was to safeguard the many civil radar sites round Britain from encroachment by property development. Increasing numbers of buildings were being designed then with metallized glass. (p.271)  ,Před několika lety jsem byl zapojen do projektu zaměřeného na měření odrazivosti metalizovaného skla. Problémem bylo ochránit mnoho civilních radarových stanic v Británii před vlivem výstavby nemovitostí. Zvyšující se počet budov bylo v té době navrhovány s použitím metalizovaného skla.
eventive uses,attitudinal uses,achievement,"Sher’s achievement was to find the right rhetorical tone wheedling mean, enraged, self-pitying for all the different, high-pitched tableaux. (p.272)","Sherovým úspěchem bylo najít ten správný rétorický tón, lichotivě průměrný, rozzuřený, sebelítostní pro všechny různé výjevy s vysokými tóny."
eventive uses,attitudinal uses,triumph,"The school’s triumph is to get the children to sit still, read, recite stories...(p.273)","Úspěchem školy je přimět děti, aby nehybně seděly, četly, recitovaly příběhy..."
eventive uses,attitudinal uses,mistake,"It’s a mistake to think a model can be an actress, because the two professions don’t have much in common. (p.273)","Je chybou si myslet, že modelka může být herečkou, protože obě profese nemají mnoho společného."
eventive uses,attitudinal uses,crime,"He had done absolutely nothing wrong, his biggest crime was to sit near the fire exit. (p.274)","Neudělal absolutně nic špatného, ​​jeho největším zločinem bylo sedět poblíž požárního východu."
circumstantial uses,general uses,situation,We would be in the rather interesting situation that we could prove anything we please to postulate. (p.277),"Byli bychom v docela zajímavé situaci, že bychom mohli dokázat cokoli, co předpokládáme."
circumstantial uses,specific uses,place,"One of the most potent symbols of the Cold War – the Checkpoint Charlie border crossing at the Berlin Wall – has been dismantled. For twenty-nine years, it stood at the heart of Berlin, at the place where Soviet and American tanks confronted each other after the Berlin Wall went up in 1961. (p.280)","Jeden z nejmocnějších symbolů studené války - hraniční přechod Checkpoint Charlie na berlínské zdi - byl stržen. Dvacet devět let stál v samém srdci Berlína na místě, kde po postavení berlínské zdi v roce 1961 proti sobě stály sovětské a americké tanky."
circumstantial uses,specific uses,point,"The Polynesians developed such a vessel centuries ago, there was even one built in Britain in the reign of Charles Two, but only recently have we progressed to the point where they have become reliable enough for efficient ocean crossing—the catamaran. (p.280) ","Polynésané vyvinuli takovou loď před staletími, v Británii byla dokonce postavena za vlády Karla druhého, ale teprve nedávno jsme pokročili do bodu, kdy se staly dostatečně spolehlivými pro efektivní plavbu přes oceán - katamarán."
circumstantial uses,specific uses,area,...we have to remember that people in rural areas often are earning low incomes erm but they will still have a right to live in the area where they work. (p.280) ,"... musíme si pamatovat, že lidé ve venkovských oblastech často mají nízké příjmy, ale stále budou mít právo žít v oblasti, kde pracují."
circumstantial uses,specific uses,time,‘So young” comes from a time when we and my close friends were caught in a bit of a desperate drugged-up situation and there was one particular night when one person nearly died. (p.283),"„Tak mladý“ pochází z doby, kdy jsme se s mými blízkými přáteli dostali do trochu zoufalé drogové situace a v jednu  noc jeden člověk téměř zemřel."
circumstantial uses,specific uses,stage,It will be a real wrench to leave the club after eight years but I have got to a stage when I must now look at what is best for my future. (p.283),"Po osmi letech bude smutné opustit klub, ale dostal jsem se do fáze, kdy nyní musím udělat to, co je nejlepší pro mou budoucnost."
circumstantial uses,specific uses,moment,"They helped raise money for the Clinton campaign, lent the Clintons their California home, and introduced them to the Beverly Hills hairdresser Christophe. That was the moment when the glamour turned tawdry, with the controversy over the president’s Dollars 200 haircut while Air Force One blocked the runways a Los Angeles airport. (p.283)","Pomohli získat peníze na Clintonovu kampaň, zapůjčili Clintonovým jejich dům v Kalifornii a představili je kadeřníkovi Christophovi v Beverly Hills. To byl okamžik, kdy se osobní kouzlo změnilo na lacinou honosnost, s kontroverzí ohledně prezidentova účesu za 200 dolarů, zatímco Air Force One blokoval dráhy na letišti v Los Angeles."
circumstantial uses,specific uses,way,I can I know a way how to get up and get onto the roof and...(p.285),"Můžu a znám způsob, jak se zvednout a dostat se na střechu a..."
circumstantial uses,specific uses,approach,"Eric’s approach is to shoot it in the shade on a bright sunny day, at f/11 and 1/30 sec on Fuji RDP 100. (p.286)","Ericovým přístupem je fotografování ve stínu za jasného slunečného dne, f /11 a 1/30 s na Fuji RDP 100."
circumstantial uses,specific uses,method,"BILLINGS: But you must have tried other methods in the past, what were they? NEWEY: Well the usual method is to apply synthetic lacquer, transparent lacquer, over the surface of the object. (p.286) ","BILLINGS: Ale určitě jste v minulosti zkoušeli jiné metody, jaké to byly? NEWEY: Obvyklou metodou je nanášení syntetického laku, transparentního laku, na povrch předmětu."
circumstantial uses,specific uses,trick,"To get sturdy seedlings, the trick is to keep the compost slightly on the dry side, never too wet, but make sure that it doesn’t dry out fully. (p.286)","Chcete-li získat odolné sazenice, musíte udržovat kompost spíš suchý, nikdy příliš mokrý, ale ujistěte se, že úplně nevyschne."
circumstantial uses,specific uses,case,"Any visitor who intends to keep his vehicle in the country for more than twelve months. Unless he take up residence, will have to pay duty. In this case, even if he leaves Zambia subsequently, he will be unable to obtain refund of the duty paid. (p.291)","Každý návštěvník, který má v úmyslu ponechat si své vozidlo v zemi déle než dvanáct měsíců. Pokud se nestane rezidentem, bude muset zaplatit clo. V takovém případě, i když následně ZambiI opustí, nedostane zpět zaplacené clo."
circumstantial uses,specific uses,event,"An independent judge will pick an entry at random. In the event that the contents do not comply with the rules, further envelop will be drawn until the winner has been found. (p.290)","Nezávislý soudce vybere záznam náhodně. V případě, že obsah nesplňuje pravidla, bude losována další obálka, dokud nebude nalezen vítěz."
circumstantial uses,specific uses,proviso,The only proviso is that the novice must weigh less than 13 stone. (p.289),"Jedinou podmínkou je, že nováček musí vážit méně než 82,55 kg."
circumstantial uses,specific uses,precondition,"A further precondition was that the Single act, which was regrettably unbalanced in 1985 by the absence of a common policy towards the outside world, should be renegotiated to include such a provision. (p.289) ","Další podmínkou bylo, aby byl Jednotný akt, který byl v roce 1985 bohužel nevyvážený neexistencí společné politiky vůči vnějšímu světu, znovu projednán tak, aby zahrnoval takové ustanovení."